model_name,val_mae,val_mse
ridge,3.0070977210998535,487.34478759765625
tensorflow,3.1111321449279785,484.47698974609375
hist_gradient_boosting,3.6713094538242315,597.3637194517959
