model_name,val_mae,val_mse
ridge,3.017240047454834,486.30841064453125
tensorflow,3.2863852977752686,462.6425476074219
hist_gradient_boosting,3.4890333465365497,521.1383114226776
