model_name,val_mae,val_mse
ridge,3.007092237472534,487.3450012207031
tensorflow,3.1170833110809326,483.63299560546875
hist_gradient_boosting,3.6713094538242315,597.3637194517959
