model_name,val_mae,val_mse
ridge,3.0070977210998535,487.34478759765625
tensorflow,3.0112664699554443,485.6139831542969
hist_gradient_boosting,3.6713094538242315,597.3637194517959
