model_name,val_mae,val_mse
ridge,3.0070977210998535,487.34478759765625
tensorflow,3.1010186672210693,485.66168212890625
hist_gradient_boosting,3.6713094538242315,597.3637194517959
